Price,Close,High,Low,Open,Volume
Ticker,005930.KS,005930.KS,005930.KS,005930.KS,005930.KS
Date,,,,,
2025-01-02,52526.62890625,52723.35785346442,51444.61969657069,51838.07759099953,16630538
2025-01-03,53510.27734375,54198.82870662914,51936.44565716912,51936.44565716912,19318046
2025-01-06,54985.74609375,55280.83954326923,53411.914362980766,53510.278846153844,19034284
2025-01-07,54493.921875,56362.84699345668,54493.921875,55871.024593862814,17030235
2025-01-08,56362.8515625,56559.58053828534,53805.374877290575,53903.739365183246,26593553
2025-01-09,55182.4765625,56756.30833611854,55182.4765625,56657.94385026738,24490592
2025-01-10,54395.5625,55575.936369801086,54297.19801084991,55182.478413200726,16059223
2025-01-13,53215.18359375,54100.46391231516,53215.18359375,53707.005992952865,16868600
2025-01-14,53018.45703125,53707.00842126623,52821.72806267393,53313.5504841141,17465926
2025-01-15,52821.7265625,53805.371377444135,52624.99759951117,53215.18448847765,18625025
2025-01-16,53411.9140625,54100.465440837936,53215.18509726059,53313.549579880295,18627298
2025-01-17,52821.7265625,53215.18448847765,52329.90415502793,52920.09104399441,18805344
2025-01-20,52526.62890625,53018.451274286046,52428.26443264279,52723.35785346442,11822531
2025-01-21,52624.99609375,53411.911923189255,52428.26713639019,52821.72505110981,13535702
2025-01-22,53411.9140625,53510.278545119705,52231.54027106354,52526.633718922654,18341991
2025-01-23,52821.7265625,53215.18448847765,52624.99759951117,52821.7265625,15588067
2025-01-24,52821.7265625,52920.09104399441,52329.90415502793,52723.36208100559,11867631
2025-01-31,51542.98828125,52133.1751699666,50854.43691108063,51346.25931834446,42186279
2025-02-03,50165.88671875,50559.344653799024,49969.157751225495,50264.251202512256,32344897
2025-02-04,51838.0859375,52723.36634250474,50657.71206416034,50756.076553605315,27214851
2025-02-05,52034.80859375,52920.0888911862,51936.44411625709,52723.35993620037,15974885
2025-02-06,53116.8203125,53116.8203125,52329.90445601852,52526.63342013889,16466025
2025-02-07,52821.7265625,53313.548969972064,52723.36208100559,53018.455525488826,14476866
2025-02-10,54690.65234375,54985.74579164793,52034.811312668615,52133.175795301264,27577591
2025-02-11,54789.015625,55379.20250785458,54100.46426166966,54592.28666404847,24596196
2025-02-12,54887.3828125,54985.74729782706,53608.64450324821,54198.831415210574,26428596
2025-02-13,54887.3828125,55477.569724462366,54690.65384184588,55182.47626848119,22448377
2025-02-14,55084.109375,56362.84762834821,55084.109375,55084.109375,23979779
2025-02-17,55084.109375,55575.93178013393,54789.01593191964,55182.47385602679,11916027
2025-02-18,55969.38671875,56264.480146089634,54985.74196095123,55280.83538829086,22131007
2025-02-19,57739.953125,57936.682096465076,56362.85032474446,56461.214810477,25395151
2025-02-20,57444.85546875,58133.40681854666,57149.76203312286,58133.40681854666,21589059
2025-02-21,57248.1328125,57543.22628060567,56166.12342944587,57444.86179123711,22198428
2025-02-24,56362.8515625,56756.30951407068,56264.48707460733,56362.8515625,14138471
2025-02-25,56264.484375,56854.67127403846,55575.93299278846,55674.29747596154,14625181
2025-02-26,55674.296875,56166.11928555653,55182.47446444346,56067.75480344523,18117091
2025-02-27,55379.203125,56166.11897757549,55280.83864342806,55575.932088143876,14975356
2025-02-28,53608.64453125,54789.01835579128,53608.64453125,54493.92489965596,28036698
2025-03-04,53608.64453125,54100.466958142206,52920.093133600916,53018.45761897936,18553933
2025-03-05,53116.8203125,54493.9230613426,53116.8203125,54198.82961516204,16578817
2025-03-06,53411.9140625,53608.64302773941,53116.820614640885,53215.18509726059,12258101
2025-03-07,52821.7265625,53313.548969972064,52526.633118016754,52624.99759951117,14274992
2025-03-10,52821.7265625,53903.73585893855,52624.99759951117,52624.99759951117,12921670
2025-03-11,52723.36328125,53215.18569991838,51641.35396017957,51641.35396017957,17740891
2025-03-12,54002.09765625,54395.555562670765,52723.35946038251,52920.08841359289,17973221
2025-03-13,53805.375,54985.74885740402,53313.55255941499,54887.38436928702,24132151
2025-03-14,53805.375,54198.83295246801,53510.281535648995,53608.64602376599,10845154
2025-03-17,56657.94140625,56854.67036946615,54493.9228108724,54592.28729248047,35559021
2025-03-18,56657.94140625,58035.04414876302,56362.84796142578,57838.315185546875,28138594
2025-03-19,57543.22265625,58231.77403846154,56461.213341346156,56461.213341346156,29421759
2025-03-20,59215.421875,59313.78636316445,57543.22557620432,58231.77699335548,34989004
2025-03-21,60690.8828125,60690.8828125,59412.14460089141,59903.96698997164,40155612
2025-03-24,59510.51171875,60592.52102272728,59510.51171875,60199.06309400826,14088094
2025-03-25,58821.9609375,60100.69921875,58526.867487980766,59903.970252403844,17259455
2025-03-26,60395.796875,60395.796875,58723.60054458469,58821.965034609115,16431645
2025-03-27,60789.25,60985.97896440129,59805.60517799353,59903.969660194176,20389790
2025-03-28,59567.234375,60457.77442379568,59369.33658637874,60061.97884655316,16282514
2025-03-31,57192.45703125,59072.48589559905,57192.45703125,58874.58812040441,17633494
2025-04-01,58181.94921875,58973.540364583336,57291.4091796875,58083.000325520836,13841706
2025-04-02,58181.94921875,58775.642578125,57687.204752604164,58181.94921875,14402297
2025-04-03,56994.55859375,57192.45636664497,56301.916388617625,56301.916388617625,19508076
2025-04-04,55510.328125,57588.254846256685,55114.53255904635,55609.27701648841,23527139
2025-04-07,52640.80859375,53531.34858875705,52541.85970541588,52739.75748208411,31998883
2025-04-08,52937.65625,54718.736273364484,52739.75846962617,54421.889602803734,25532845
2025-04-09,52442.9140625,53729.24969044811,52343.96516804245,52739.76074587264,20576960
2025-04-10,55807.17578125,56104.0224609375,54421.891276041664,56005.073567708336,22948172
2025-04-11,54619.7890625,55114.533528645836,54223.993489583336,55015.584635416664,13930480
2025-04-14,55609.27734375,56104.02180410364,55213.48177546708,55708.22623582073,12852613
2025-04-15,56005.0703125,56499.81474988958,55609.274762588335,55708.223650066255,8998640
2025-04-16,54125.04296875,55609.27632255485,53927.145188242685,55411.37854204753,14437025
2025-04-17,54520.83984375,54718.73762902677,53927.146487919694,54125.044273196465,10867069
2025-04-18,54718.73828125,55015.58496270343,54322.94270597875,54718.73828125,5848342
2025-04-21,54817.6875,55411.38086642599,54520.84081678701,54619.78971119134,5941847
2025-04-22,54421.890625,54916.63508522727,54125.04394886364,54322.94173295455,9532469
2025-04-23,55114.53515625,55510.33074085503,54916.63736394749,55411.38184470377,11148692
2025-04-24,55114.53515625,55213.48405240126,54619.79067549372,55015.586260098746,10580377
2025-04-25,55114.53515625,55807.1774293088,55015.586260098746,55807.1774293088,12183303
2025-04-28,55213.484375,55312.43327172939,54916.63768481182,55213.484375,9341518
2025-04-29,55213.484375,55906.12665210573,55015.58658154122,55114.535478270605,10295518
2025-04-30,54916.63671875,55411.38119369369,54718.73892877252,55312.43229870495,13014189
2025-05-02,53729.25,54916.63674033149,53630.30110497237,54421.89226519337,22454204
2025-05-07,54026.09375,54421.88930860806,53729.247081043955,53927.14486034798,17136991
2025-05-08,54026.09375,54916.63375686813,53927.14486034798,54520.83819826007,16320532
2025-05-09,54223.9921875,54421.889969206204,53828.19662408759,54125.043296646894,7814322
2025-05-12,56994.55859375,56994.55859375,54421.88754611545,54619.78531901042,15414702
2025-05-13,56301.91796875,57588.25352866872,56202.96907952549,57093.50908254614,16842801
2025-05-14,56796.6640625,57291.40852297474,56400.86849412021,56895.61295459495,12468089
2025-05-15,56697.71484375,57984.0504335733,56499.81706070026,56796.663735274866,13139736
2025-05-16,56202.96875,56895.61097051056,56104.019861355635,56796.6620818662,10385352
2025-05-19,55213.484375,55807.177755376346,54916.63768481182,55807.177755376346,9802105
2025-05-20,55312.43359375,56104.024772193654,55114.53579913909,55609.28028566637,9080577
2025-05-21,55114.53515625,56005.07522161131,55114.53515625,55609.279637006286,7794181
2025-05-22,54125.04296875,54916.63409077925,53927.145188242685,54718.73631027194,15254278
2025-05-23,53630.30078125,54619.789725553506,53531.35188681965,54421.8919366928,11247115
2025-05-26,54125.04296875,54421.88963951097,53135.55406621344,53333.45184672075,10901337
2025-05-27,53333.453125,53927.14648075139,53234.50423237477,53630.29980287569,13439520
2025-05-28,55312.43359375,55510.331388360915,53630.302339557245,53729.2512368627,17516283
2025-05-29,55510.328125,55807.17479946524,55015.583667557934,55609.27701648841,12936810
2025-05-30,55609.27734375,56598.76626445729,55213.48177546708,55609.27734375,26219683
2025-06-02,56202.96875,56697.71319322183,55609.2754181338,55708.22430677817,12870515
2025-06-04,57192.45703125,57291.40591884732,56202.968155276816,56598.76370566609,19649983
2025-06-05,58478.79296875,59270.384074925976,57291.40630948604,57489.30408603003,23266027
2025-06-09,59171.4375,59765.130852842805,58874.5908235786,59765.130852842805,19609659
2025-06-10,58577.7421875,59468.28218697212,58181.94663217905,59369.333298141886,15305760
2025-06-11,59270.38671875,59468.28450412145,58775.64225532137,58874.59114800709,13610734
2025-06-12,58874.58984375,59369.33429621849,58676.69206276261,59072.4876247374,17755115
2025-06-13,57687.203125,59567.23204331047,57093.509782375644,59567.23204331047,20705979
2025-06-16,56598.765625,57489.30564357518,56301.91895214161,57390.35675262238,22200872
2025-06-17,57489.3046875,59171.43580572289,56796.6624623494,57192.45801957831,28637003
2025-06-18,59171.4375,59171.4375,57291.4085493311,57390.35744147157,17620705
2025-06-19,58577.7421875,59963.026631123306,58379.84440983953,59864.07774229307,16876278
2025-06-20,58874.58984375,59171.43651523109,58478.79428177521,58775.640953256305,18072251
2025-06-23,57390.35546875,57885.09991244612,56994.559913793106,57786.151023706894,16551694
2025-06-24,59864.08203125,59963.03092716942,58676.69528021694,58775.64417613636,23737899
2025-06-25,60655.671875,60952.518556280585,59666.18293739804,60853.56966252039,23933612
2025-06-26,59567.234375,60655.67221241695,59270.38769206811,60655.67221241695,19402300
2025-06-27,60529.9375,61326.384046052626,59733.49095394737,59833.04677220395,17340470
2025-06-30,59534.37890625,60928.16035221572,59534.37890625,60928.16035221572,17110294
2025-07-01,59932.60546875,60828.60787609012,59932.60546875,60131.71711482559,13650991
2025-07-02,60529.9375,60629.49331825657,59534.379317434206,59932.60259046053,15047951
2025-07-03,63516.61328125,63516.61328125,60828.60613611873,61027.71777649882,32040639
2025-07-04,63018.8359375,64412.617459024485,62720.1684686019,64412.617459024485,23748959
2025-07-07,61425.94140625,63018.83453834076,61425.94140625,62620.61125531807,17164708
2025-07-08,61127.2734375,62122.83163680782,60729.050157776874,61326.38507736156,20213724
2025-07-09,60131.71484375,61127.27303652732,59932.60320519454,61127.27303652732,17533415
2025-07-10,60729.05078125,60928.16242315574,60131.71585553279,60330.82749743853,14768473
2025-07-11,62321.9453125,62521.05695886581,60928.163787939295,61027.7196111222,19140650
2025-07-14,62222.38671875,62321.9425375,61525.4959875,62023.27508125,13563846
2025-07-15,63417.05859375,63516.614415718206,61724.60962029042,62023.27708619505,18442202
2025-07-16,64412.6171875,64412.6171875,62819.724026758115,63417.058962036324,23042660
2025-07-17,66403.734375,66503.29019865068,64113.95043103448,65607.2877857946,39448683
2025-07-18,66801.953125,67498.84384314455,66005.50658997764,66702.3973081222,23951531
2025-07-21,67498.84375,68494.40191740413,66901.50884955752,67100.62048303835,17723148
2025-07-22,65706.84375,68195.73934659091,65308.62045454545,67797.51605113636,20829006
2025-07-23,66105.0625,66204.61831701807,64611.725244728914,65905.95086596385,15687058
2025-07-24,65706.84375,66503.2903409091,65607.28792613636,66204.62286931818,12660193
2025-07-25,65607.2890625,66005.51236485205,65209.06576014795,65408.17741132397,8080910
2025-07-28,70087.296875,70087.296875,66901.51065340909,67897.06884765625,35332500
2025-07-29,70286.40625,70485.51788243627,68494.40155807366,70485.51788243627,28190940
2025-07-30,72277.5234375,73372.63742897728,70286.4070893595,70684.6303589876,34761444
2025-07-31,71082.859375,73671.31083683473,70684.63607317927,72675.7525822829,26568072
2025-08-01,68593.9609375,71680.19140058054,68494.4051161103,69888.18661556604,24038534
2025-08-04,69390.40625,69888.18534791966,68394.8480541607,69191.29461083213,14780072
2025-08-05,69589.515625,71182.40868651646,69390.40399231044,70684.62960479256,14392903
2025-08-06,68494.40625,69091.74118822675,67996.62713481105,68892.62954215116,12542415
2025-08-07,70186.8515625,70684.63065159574,69390.4050199468,70485.51901595746,15008213
2025-08-08,71481.078125,72078.4130396936,70385.96411472841,70684.6315720752,22241128
2025-08-11,70684.6328125,71779.74684198944,70485.52117077465,71680.19102112677,11354253
2025-08-12,70784.1875,72078.41315049227,70784.1875,70784.1875,15797656
2025-08-13,71580.6328125,71779.74444758345,71082.85372479138,71580.6328125,12305742
2025-08-14,71281.96875,71580.6362168296,70883.74546089386,71580.6362168296,11946122
2025-08-18,69689.0703125,70883.74008928571,69689.0703125,70784.18427455357,13595591
2025-08-19,69689.0703125,70385.961015625,69390.40286830357,70087.29357142857,10533082
2025-08-20,70186.8515625,70385.9631981383,69091.73756648936,69788.6282912234,17445516
2025-08-21,70286.40625,71580.6318608357,70286.40625,71182.40859596318,18843833
2025-08-22,71082.859375,71481.08267682072,70485.5244222689,71381.52685136555,9277432
2025-08-25,71182.4140625,71481.0815340909,70684.63494318182,71381.52571022727,10345178
2025-08-26,69987.7421875,70784.18875577881,69987.7421875,70485.52129267425,14712519
2025-08-27,70286.40625,70585.07369865439,69489.95972025496,69788.62716890934,10523405
2025-08-28,69290.8515625,70087.2981321839,69290.8515625,69788.63066855245,11578024
2025-08-29,69390.40625,70186.85280667145,69390.40625,69788.62952833573,11682267
2025-09-01,67299.734375,68295.29257581361,67200.17855491863,68096.18093565089,12002343
2025-09-02,68793.0703125,69191.29358493126,67498.84467709842,67498.84467709842,10604028
2025-09-03,69489.9609375,69489.9609375,68494.40275787965,68892.62602972779,10283009
2025-09-04,69788.6328125,69788.6328125,68992.18621834878,69191.2978668866,12284414
2025-09-05,69191.296875,70087.29928057553,69191.296875,69987.74345773381,11526724
2025-09-08,69788.6328125,70186.8561095756,69290.8536911555,69489.9653396933,9263135
2025-09-09,71182.4140625,71182.4140625,69689.07670454546,69788.63252840909,14870245
2025-09-10,72277.5234375,72476.63507231405,71281.96526342975,71481.0768982438,21928565
2025-09-11,73073.96875,73273.08038147139,71779.74314543596,72874.85711852861,20793501
2025-09-12,75065.0859375,75264.19757128647,73870.41613478116,74268.6394023541,28219678
2025-09-15,76160.203125,77255.31715686274,75562.86819852941,76857.09387254901,19908805
2025-09-16,79047.3203125,79146.87613153337,76359.31319859887,76558.42483666561,28218265
2025-09-17,77852.6484375,78748.65078524617,76757.53445692135,78748.65078524617,20856317
2025-09-18,79943.3203125,80142.43194466065,78250.8714391345,78748.65051953612,25619035
2025-09-22,83129.109375,83626.88847305388,80739.76970434132,81137.99298278443,27529656
2025-09-23,84323.78125,85518.45111422669,83228.66720779221,85418.8952922078,23610263
2025-09-24,85020.671875,85120.22769686769,83328.22290324942,83826.00201258782,18300997
2025-09-25,85717.5625,85817.11832171892,83726.44606562136,84025.11353077817,19665151
2025-09-26,82930.0,84921.11644657863,82033.99759903962,84622.44897959183,24071193
2025-09-29,84200.0,85000.0,83200.0,83300.0,13069094
2025-09-30,83900.0,84900.0,83400.0,84600.0,16319061
2025-10-01,86000.0,86200.0,84700.0,84900.0,22039361
2025-10-02,89750.0,90300.0,88700.0,89300.0,49883028
2025-10-10,94400.0,94500.0,92700.0,94000.0,35269748
2025-10-13,93300.0,93400.0,90700.0,91300.0,23883308
2025-10-14,91600.0,96000.0,90200.0,95300.0,35545235
2025-10-15,95000.0,95300.0,92100.0,92300.0,21050111
2025-10-16,97700.0,97700.0,95000.0,95300.0,28141060
2025-10-17,97900.0,99100.0,96700.0,97200.0,22730809
2025-10-20,98100.0,98300.0,96000.0,97900.0,17589756
2025-10-21,97500.0,99900.0,97300.0,98500.0,22803830
2025-10-22,98600.0,98600.0,95500.0,97100.0,15937611
2025-10-23,96500.0,98500.0,96300.0,96800.0,18488581
2025-10-24,98800.0,99000.0,97700.0,97900.0,18801925
2025-10-27,102000.0,102000.0,100600.0,101300.0,22169970
2025-10-28,99500.0,101000.0,99100.0,100900.0,20002282
2025-10-29,100500.0,101000.0,99100.0,100200.0,20899788
2025-10-30,104100.0,105800.0,102000.0,102400.0,34570017
2025-10-31,107500.0,108600.0,103300.0,105000.0,54824564
